mean,std,variance,rms,min,max,range,low_freq_ratio,high_freq_ratio,label
0.025240000000000002,0.19365469888438028,0.037502142399999994,0.1952926009863149,-0.26,1.1,1.36,0.03135448164377092,0.10572864017590348,0
0.06889999999999999,0.2409402208017582,0.05805219,0.2505980845896472,-0.3,1.18,1.48,0.06698939609836771,0.10194997523556869,0
-0.06345999999999999,0.2150186698870589,0.04623302840000001,0.22418786764675738,-0.42,1.07,1.49,0.06993580556672846,0.08976097689508807,0
-0.03844,0.2081181549024496,0.0433131664,0.21163837081210013,-0.52,0.81,1.33,0.04523124639948023,0.08873597804445324,0
0.03934,0.1864225426282991,0.03475336439999999,0.19052821313390833,-0.27,0.92,1.19,0.05354510636623421,0.07499212453884828,0
0.021839999999999995,0.21970028311315395,0.0482682144,0.22078315153108943,-0.38,0.97,1.35,0.023802620512192164,0.0907619842315328,0
-0.08046,0.16047924601019287,0.025753588400000006,0.17951991532974831,-0.39,0.53,0.92,0.1200038719581693,0.0634769091743974,0
0.02932,0.2165611636466705,0.046898737600000004,0.21853695339690263,-0.33,0.83,1.16,0.03349108563822838,0.08221178636773936,0
-0.12552000000000002,0.7888327640254301,0.6222571295999999,0.7987567840087493,-1.01,4.09,5.1,0.04188972313106196,0.11732471628914377,0
-0.03266000000000001,0.5995487673242269,0.35945872439999993,0.6004376737014425,-0.87,4.36,5.23,0.013331545478945763,0.10659254832263547,0
0.09505999999999999,0.8847054856843604,0.7827037964,0.8897978422091167,-0.92,4.74,5.66,0.028303903794107535,0.10530600808605974,0
-0.019919999999999986,0.61771222555491,0.38156839360000006,0.6180333324344246,-0.89,4.45,5.34,0.007739888030117699,0.1024590780304298,0
0.04309999999999999,0.5586113049339405,0.3120465899999999,0.5602715413083196,-0.69,4.17,4.859999999999999,0.01904499052642327,0.10760968874185156,0
0.0972,0.8566846327558351,0.73390856,0.8621811874542381,-0.83,4.64,5.47,0.03155571076956212,0.08829478065339902,0
-0.022360000000000012,0.6248449650913417,0.39043123040000005,0.6252449120144841,-0.87,4.54,5.41,0.009006933668659069,0.10605073305664965,0
-0.01374000000000001,0.5310211035354433,0.28198341239999997,0.531198832830043,-0.83,3.88,4.71,0.006461224026298078,0.1127653050413871,0
0.11874,1.152601497656497,1.3284902124,1.158701600930973,-1.25,5.76,7.01,0.027781580018061584,0.09061009549712574,0
-0.13622000000000004,0.7927488326071506,0.6284507116,0.8043672047019321,-1.25,4.98,6.23,0.0420392112652263,0.08574313337467121,0
-0.012680000000000021,0.7988531890153534,0.6381664175999999,0.7989538159368162,-1.18,5.33,6.51,0.004320594572967329,0.09457690016516666,0
0.024660000000000012,1.1845634151027964,1.4031904844,1.184820070728041,-1.26,5.69,6.95,0.006215701599701284,0.1077410657273789,0
-0.04142,0.7565063010973536,0.5723017835999998,0.7576393601179917,-1.11,5.05,6.16,0.014015519333182104,0.09440118933726716,0
0.015119999999999998,0.7896266115069832,0.6235101856000002,0.7897713593186322,-1.1,5.31,6.41,0.005224509259996601,0.09683084853098574,0
0.09305999999999999,1.184200842931637,1.4023316363999998,1.187851758427793,-1.25,5.79,7.04,0.02220422912379174,0.09356735091140958,0
-0.060239999999999995,0.746123543657483,0.5567003424,0.7485514010407033,-1.01,4.98,5.99,0.02032851610682673,0.09179111903079709,0
-0.30075999999999997,0.22141685211383527,0.049025422400000004,0.3734728905824357,-0.65,0.67,1.32,0.27198892493326987,0.06179879588227296,0
-0.029239999999999995,0.2550400407779139,0.06504542240000001,0.2567107321480736,-0.49,0.9,1.3900000000000001,0.03603287006238088,0.06484652745112268,0
0.16564,0.14410062595283893,0.0207649904,0.21954862787091153,0.0,1.05,1.05,0.219571344837835,0.06555453295054185,0
0.08120000000000002,0.17391308173912623,0.030245759999999997,0.1919354058010142,-0.09,0.95,1.04,0.10348015123388071,0.09525632265134976,0
0.019159999999999996,0.13446670368533617,0.018081294400000003,0.13582488726297548,-0.14,0.91,1.05,0.03181614479102442,0.09270854016262216,0
0.02944,0.14055634599689903,0.019756086399999997,0.14360640654232662,-0.16,0.97,1.13,0.0490239428783705,0.08940306535495218,0
0.004620000000000001,0.16760446175445332,0.0280912556,0.16766812457947994,-0.21,0.91,1.12,0.007130449670634228,0.10129825423195285,0
0.02886,0.1586811280524562,0.0251797004,0.16128422117491842,-0.2,0.79,0.99,0.044110005483332534,0.08849797642862182,0
0.031580000000000004,0.421490336306777,0.17765410359999997,0.4226717402429455,-0.46,2.19,2.65,0.020005470966217055,0.10233509153267283,0
-0.00012000000000000011,0.2629897062624315,0.0691635856,0.26298973363992745,-0.36,1.9,2.26,0.00010923695527538741,0.10512032561723697,0
0.05011999999999999,0.40763462267084233,0.1661659856,0.4107042731698808,-0.43,2.1,2.5300000000000002,0.032123113030829674,0.10881765943008968,0
-0.010480000000000003,0.3317797004037468,0.1100777696,0.3319451761963111,-0.36,2.3,2.6599999999999997,0.00782278413791506,0.09672314235151314,0
-0.02136,0.29415939624632087,0.08652975040000001,0.2949338908976044,-0.45,2.07,2.52,0.017572505777008342,0.09309746763629982,0
0.020159999999999997,0.4241372117605339,0.1798923744,0.4246160618723696,-0.45,2.24,2.6900000000000004,0.012665958141443555,0.11190549544929544,0
-0.031619999999999995,0.35503517515874394,0.1260499756,0.35644045786077655,-0.51,2.35,2.8600000000000003,0.02116239590567557,0.09404584508148646,0
-0.022659999999999996,0.2707595324268381,0.0733107244,0.2717060912088649,-0.37,1.93,2.3,0.019903226817773186,0.10078633916046857,0
-0.07230000000000003,0.41807237411720954,0.17478451,0.4242779749173883,-0.67,2.64,3.31,0.043154267824919955,0.09333103654584633,0
-0.06060000000000001,0.5642832976440115,0.31841564000000006,0.5675279728788706,-0.67,2.63,3.3,0.030282733822975586,0.08913757472719326,0
0.09218000000000001,0.3365237697399695,0.1132482476,0.3489203347470594,-0.41,2.38,2.79,0.06477711567842842,0.09268083824980637,0
0.08746000000000001,0.5306955326738675,0.28163774839999994,0.5378540694277585,-0.63,2.74,3.37,0.04318512650671376,0.09605874182323358,0
-0.005320000000000015,0.4386297956135675,0.19239609760000004,0.4386620567133656,-0.69,2.65,3.34,0.0030434127382974368,0.08304423674360949,0
0.07926000000000002,0.3984922237635259,0.1587960524,0.40629816637538496,-0.52,2.7,3.22,0.049370489072582416,0.0903330925485516,0
-0.023419999999999993,0.4912764024457108,0.2413525036,0.49183432169786606,-0.58,2.37,2.95,0.010731909109472838,0.10541986769406432,0
-0.09564000000000002,0.4272139866624219,0.18251179039999998,0.4377885334268133,-0.64,2.69,3.33,0.048902653940088366,0.07351717579170701,0
-0.008200000000000002,0.1514171720776742,0.02292716,0.15163904510382542,-0.33,0.77,1.1,0.012627324042735194,0.0964378945767513,0
-0.0831,0.1559711191214579,0.024326990000000003,0.17672747381208165,-0.35,0.6,0.95,0.11363318855049516,0.07842445443592819,0
-0.023200000000000002,0.1294363163876352,0.01675376,0.1314990494262221,-0.25,0.8,1.05,0.039935598323654786,0.09947911732215425,0
0.030860000000000002,0.1798929137014574,0.0323614604,0.182520683759403,-0.24,0.96,1.2,0.03984183171746425,0.08831699142140723,0
0.0032199999999999937,0.13040027453958827,0.017004231599999996,0.13044002453234974,-0.25,0.75,1.0,0.006002548012734281,0.09818115722534822,0
0.0503,0.14970541072386126,0.022411709999999998,0.15792973120980103,-0.17,0.85,1.02,0.0639011345749745,0.06897681210688116,0
-0.008900000000000005,0.16775276450777196,0.028140989999999998,0.16798869009549422,-0.37,0.91,1.28,0.011637684955449997,0.08558147573082851,0
0.04202000000000001,0.12621774677120487,0.0159309196,0.13302856836033378,-0.22,0.77,0.99,0.07663636846959222,0.09173457329275743,0
-0.011800000000000012,0.4063003322666621,0.16507996000000003,0.40647164722770024,-0.6,2.84,3.44,0.007352784256601345,0.10195636260167824,0
0.047860000000000014,0.5670665043890355,0.3215644204,0.5690825950598033,-0.62,2.89,3.5100000000000002,0.022906649077362135,0.11617217340471021,0
-0.001980000000000004,0.3715716345470952,0.13806547960000004,0.371576909939248,-0.53,2.62,3.1500000000000004,0.0013184961732094873,0.10255467197265032,0
0.008079999999999999,0.38860148429979013,0.15101111360000002,0.3886854769604854,-0.6,2.68,3.2800000000000002,0.005299227643691486,0.10200123468870415,0
-0.014159999999999997,0.40147166076822904,0.16117949439999998,0.40172129642327903,-0.62,2.74,3.3600000000000003,0.008842786438257236,0.09996644888724801,0
0.02907999999999999,0.5644933601026676,0.3186527536,0.5652418951210182,-0.73,2.84,3.57,0.014289238957548692,0.09751969389287336,0
-0.0438,0.3431995920743497,0.11778596000000002,0.34598323658813296,-0.55,2.42,2.9699999999999998,0.030293011988471383,0.10012078695118984,0
-4.00000000000027e-05,0.3785223882414354,0.14327919839999997,0.3785223903549168,-0.59,2.66,3.25,2.7012396235327943e-05,0.10515251579290301,0
0.01788,0.2601782189192631,0.06769270560000001,0.26079187103895707,-0.39,1.94,2.33,0.01625363327593283,0.11232139930436312,0
0.025459999999999993,0.398300876725121,0.1586435884,0.39911376824158795,-0.46,2.14,2.6,0.017087800119958217,0.1029128268213517,0
0.0015800000000000018,0.3186799391238802,0.1015569036,0.31868385588228343,-0.48,2.25,2.73,0.0012325971793724797,0.10441414512674531,0
0.004860000000000005,0.2821385836783052,0.07960218040000001,0.2821804387267126,-0.44,2.02,2.46,0.004222498341900918,0.1099504908940566,0
0.004619999999999999,0.40078879175945026,0.16063165559999998,0.4008154188650931,-0.5,2.16,2.66,0.0031539006299318526,0.12284207450161821,0
-0.01936,0.32467705554904863,0.1054151904,0.32525374709601734,-0.57,2.28,2.8499999999999996,0.01452078773724976,0.1040692457305021,0
-0.027520000000000003,0.28835299478243676,0.08314744959999999,0.28966325276085675,-0.52,2.0,2.52,0.022916416419835526,0.10784845065564926,0
0.0008399999999999909,0.39256858560001967,0.15411009439999998,0.39256948429545563,-0.49,2.05,2.54,0.0005580168830844719,0.11991142328305787,0
0.027380000000000005,0.28949289386788063,0.0838061356,0.2907848001529653,-0.45,1.21,1.66,0.021679914265981336,0.07999089230014429,1
0.020780000000000007,0.2834452179875328,0.0803411916,0.28420591126857303,-0.5,1.09,1.59,0.018722283994792366,0.07544720478015525,1
0.13782000000000003,0.28529256492239685,0.08139184760000001,0.3168378133998529,-0.32,1.06,1.3800000000000001,0.10293870920832908,0.06572588442146003,1
-0.11117999999999999,0.28007071892648827,0.07843960759999999,0.30133137904971,-0.54,0.94,1.48,0.08463741334551521,0.0597304716261417,1
-0.07562,0.28393135719747475,0.08061701560000001,0.29382886175459344,-0.53,0.94,1.47,0.055447717348688995,0.0760120647137653,1
-0.026060000000000007,0.26339528545515006,0.06937707639999999,0.2646813178144615,-0.41,0.89,1.3,0.0247184221458557,0.06075111725715972,1
0.05784,0.24623268345205518,0.060630534400000005,0.25293477420078087,-0.4,0.75,1.15,0.05566146886227155,0.06924736762335788,1
-0.02506,0.24691981775467112,0.060969396399999994,0.24818823501528028,-0.46,0.69,1.15,0.026698877279815018,0.06293840494700695,1
0.00021999999999999887,0.5425061765547006,0.2943129516,0.5425062211624858,-0.7,4.04,4.74,9.214338017924545e-05,0.09993327451813384,1
0.02642000000000001,0.8880431203494569,0.7886205836,0.8884360415921903,-0.84,4.61,5.45,0.00752156527002177,0.10020461535096976,1
0.012039999999999999,0.6068138416351426,0.3682230384,0.6069332747510223,-0.77,4.41,5.18,0.0049930355494466816,0.10213087014444772,1
0.03557999999999999,0.7827721658311566,0.6127322635999998,0.7835803723932856,-0.78,4.06,4.84,0.012510072704736195,0.09649068771725652,1
-0.008340000000000018,0.5720575533982573,0.3272498444,0.5721183444008766,-0.78,4.11,4.890000000000001,0.003702876642243841,0.10354725820802474,1
-0.0041600000000000074,0.7792636873356796,0.6072518943999999,0.7792747910718015,-0.85,4.28,5.13,0.0014898477095316304,0.10465603301735599,1
-0.027879999999999995,0.5726436113325635,0.3279207056,0.5733218991107876,-0.86,4.01,4.87,0.012650116057209308,0.10055207603236357,1
-0.016539999999999996,0.8891730025141339,0.7906286284,0.8893268240641344,-0.93,4.54,5.47,0.005325543889348593,0.10436854907049582,1
-0.07572000000000002,0.7765684011083634,0.6030584816000001,0.7802512415882463,-1.2,5.0,6.2,0.024315726670294368,0.08659629376124678,1
0.030579999999999993,0.767954857787878,0.5897546636,0.7685634651738267,-0.96,4.47,5.43,0.007200831312769658,0.07000313506507176,1
-0.05696,1.0499582650753314,1.1024123583999998,1.0515021635736181,-1.24,5.22,6.46,0.011049465799144434,0.08382411875797251,1
-0.002480000000000018,0.7991221743888728,0.6385962495999999,0.7991260226021926,-1.05,5.24,6.29,0.000860602005824864,0.09314878133854308,1
0.15278,1.0243361126114807,1.0492644716,1.035667031434331,-1.23,5.41,6.640000000000001,0.039632092107332866,0.0821399650538995,1
-0.06131999999999999,0.7995898058379683,0.6393438576,0.8019376534369739,-1.21,5.01,6.22,0.019115825921501843,0.08693885207933229,1
0.1456,0.9375006346664518,0.87890744,0.9487395849230704,-0.98,4.9,5.880000000000001,0.0344343379754525,0.08785999747820122,1
-0.13254,0.854275452298613,0.7297865483999999,0.8644960381632758,-1.23,5.18,6.41,0.03397778502549673,0.07271396016250697,1
0.0268,0.1843609503121526,0.033988960000000006,0.18629868491215928,-0.43,0.63,1.06,0.04323153118156218,0.03007574999351279,1
-0.040100000000000004,0.12128887005822092,0.01471099,0.12774584141959378,-0.29,0.35,0.6399999999999999,0.08847572934699578,0.04510558635036878,1
-0.008460000000000002,0.07816027379685923,0.006109028400000001,0.0786167920993982,-0.16,0.29,0.44999999999999996,0.024775701062980066,0.07140112820789679,1
0.0629,0.09755506137561495,0.00951699,0.11607497576997379,-0.12,0.3,0.42,0.14971593822371562,0.05417441809684788,1
-0.062259999999999996,0.10134837147186924,0.0102714924,0.11894452488450236,-0.27,0.16,0.43000000000000005,0.15028138618032313,0.05299324252201527,1
0.01786,0.09385744722716466,0.0088092204,0.09554161397003925,-0.13,0.35,0.48,0.047977923212721756,0.055522234668089886,1
0.03742,0.1167576275880938,0.013632343600000001,0.12260750384866335,-0.36,0.34,0.7,0.08072035081157514,0.06224464628354062,1
-0.030180000000000002,0.10555267689641983,0.0111413676,0.10978251226857583,-0.26,0.27,0.53,0.06901072306407245,0.05090104451258207,1
0.07124,0.35161578804143595,0.12363366240000001,0.3587600869662064,-0.44,1.88,2.32,0.048976020381544194,0.08927630597020209,1
-0.030100000000000002,0.2494229139433665,0.06221179000000001,0.25123256158388385,-0.44,1.65,2.09,0.026609496071999982,0.0931734066739564,1
-0.005360000000000001,0.3428989215497768,0.1175796704,0.34294081121966224,-0.29,1.83,2.12,0.004125030179114682,0.10161186122599737,1
-0.01682000000000001,0.25342550700353744,0.0642244876,0.2539830703019396,-0.31,1.74,2.05,0.015566868412689807,0.09775728421056412,1
0.011839999999999996,0.335230986634589,0.1123798144,0.33544000953970887,-0.38,1.72,2.1,0.008813548139465626,0.10015868515042675,1
-0.00026000000000000513,0.21736727536591152,0.0472485324,0.2173674308630435,-0.33,1.52,1.85,0.00028331093260474787,0.09962480140444134,1
0.015440000000000004,0.3546367245506309,0.12576720640000003,0.3549726750047108,-0.47,1.83,2.3,0.011256868035964184,0.09946664159574192,1
-0.03306,0.2228507042842809,0.04966243640000001,0.2252895914151384,-0.38,1.61,1.9900000000000002,0.03259209729175297,0.10474297489675762,1
0.021880000000000004,0.35510345760073925,0.12609846560000001,0.35577689638311255,-0.48,2.2,2.68,0.011217720517882,0.07409704202403629,1
-0.014979999999999997,0.3950430351240229,0.1560589996,0.3953269532930938,-0.5,2.17,2.67,0.00708560945596729,0.08046073219679703,1
-0.005480000000000003,0.2750730259403855,0.0756651696,0.2751276067573009,-0.4,1.9,2.3,0.005049754749957602,0.09984368880095364,1
-0.011600000000000001,0.4472778107619469,0.20005743999999998,0.447428206531506,-0.52,2.16,2.68,0.0074202535629722,0.10980484655317893,1
0.004479999999999997,0.2841125298187322,0.0807199296,0.284147848839297,-0.44,1.93,2.37,0.004008921302855066,0.0987206775519894,1
0.06962,0.4098278365362704,0.16795885559999998,0.4156991700737446,-0.41,2.18,2.5900000000000003,0.040643679844166086,0.11405612057367556,1
-0.05034,0.32580927611104016,0.10615168439999999,0.32967529479777524,-0.45,2.09,2.54,0.03526955169016282,0.08391682192380766,1
-0.008560000000000009,0.28731920645860065,0.0825523264,0.2874466907097732,-0.5,1.89,2.3899999999999997,0.0075367550026840795,0.10162286268545254,1
0.03298000000000001,0.24999063902474428,0.0624953196,0.2521566973133968,-0.36,0.97,1.33,0.0342766861206062,0.053994827571531026,1
-0.0019400000000000012,0.20378527032148328,0.04152843640000001,0.20379450434199645,-0.33,0.51,0.8400000000000001,0.0031680704293377054,0.05136168514774298,1
0.0415,0.1691353008688606,0.02860675,0.1741522322567242,-0.28,0.53,0.81,0.06427731487879791,0.0607829491632702,1
-0.05162,0.13300066014873763,0.017689175600000002,0.14266674454826533,-0.26,0.33,0.5900000000000001,0.09660594192456315,0.06428915314133876,1
-0.036300000000000006,0.15880714719432498,0.02521971,0.16290303864569255,-0.25,0.49,0.74,0.07497315458945722,0.05229942386930878,1
0.021480000000000003,0.28599756922043934,0.0817946096,0.28680306832389363,-0.35,0.8,1.15,0.027132280450143022,0.04343090038124836,1
-0.04274000000000001,0.1644928338864645,0.0270578924,0.16995469984675327,-0.25,0.63,0.88,0.0670168279212448,0.046782268584572975,1
0.04661999999999999,0.21829057606777255,0.0476507756,0.22321335085518518,-0.22,0.88,1.1,0.06280137064100097,0.0529504209222393,1
-0.11276,0.19703599265108904,0.03882318240000001,0.2270198229230214,-0.38,1.07,1.4500000000000002,0.12148531754861391,0.0734406037191755,1
-0.025380000000000007,0.15529216206879212,0.024115655599999997,0.1573524705875316,-0.27,1.11,1.3800000000000001,0.03704674467531302,0.10696444242613164,1
0.06964000000000001,0.19045490384865388,0.036273070399999996,0.20278757358378743,-0.12,1.1,1.2200000000000002,0.0838334416745856,0.11882059667543236,1
0.043660000000000004,0.1711607560160915,0.029296004400000002,0.17664144474046853,-0.21,1.05,1.26,0.05818542947483746,0.0880451096794496,1
0.01356,0.17589919385830055,0.030940526399999998,0.17642108717497462,-0.22,1.13,1.3499999999999999,0.014006590390310596,0.08568212381177448,1
0.0386,0.2220343216712227,0.049299239999999994,0.22536459349241175,-0.3,1.13,1.43,0.035638558035490736,0.07110514737399232,1
-0.02692,0.18609490482009441,0.0346313136,0.18803191218513945,-0.29,0.94,1.23,0.031429699715183945,0.0813051469681553,1
0.007000000000000002,0.21621147055602763,0.0467474,0.21632475586488012,-0.3,1.14,1.44,0.006847767909181243,0.08751379240115921,1
-0.020880000000000003,0.15195270843259095,0.023089625599999997,0.15338057243340827,-0.39,0.64,1.03,0.03211954727662061,0.07258029674904452,1
-0.14622,0.33770210482020985,0.11404271159999999,0.3679986413018396,-0.55,1.21,1.76,0.12489199225530967,0.053893647258134385,1
-0.16922000000000004,0.11585504563893625,0.013422391600000003,0.20507998439633254,-0.35,0.61,0.96,0.2555111952546462,0.06799934279766953,1
-0.01582,0.14892389868654393,0.0221783276,0.14976181088648735,-0.25,0.75,1.0,0.02703238424759148,0.09141271124070272,1
0.048040000000000006,0.10369068617768909,0.010751758400000004,0.11427860692185568,-0.09,0.73,0.82,0.10042783781821016,0.08223507511710638,1
0.07916,0.13541969723788339,0.0183384944,0.15685917250833625,-0.16,0.74,0.9,0.10083910189828381,0.07524776662314536,1
0.11238000000000001,0.13649518526307072,0.018630935600000002,0.17680554289953695,-0.1,0.88,0.98,0.1486515761667906,0.06036382909323236,1
0.11114,0.1400903294306927,0.0196253004,0.17882225812241606,-0.09,0.8,0.89,0.1683039627886722,0.06718657633714344,1
0.01582,0.24619652231499942,0.0606127276,0.24670427641206386,-0.34,1.32,1.6600000000000001,0.015800912740609553,0.07669423064788153,2
0.0525,0.23675208552407728,0.056051550000000006,0.24250319585522992,-0.32,1.21,1.53,0.05356340148725073,0.09149015681323955,2
0.008280000000000006,0.21969397260735213,0.04826544159999999,0.21984994882874093,-0.3,1.14,1.44,0.010252976728897405,0.08359474258059024,2
0.0605,0.25298369512678087,0.06400075000000001,0.2601172812405973,-0.31,1.26,1.57,0.05860262938787908,0.09223452354112549,2
0.04086,0.19286020947826432,0.0371950604,0.1971410662444535,-0.27,0.94,1.21,0.053827784080366176,0.07366023403279896,2
0.03606,0.40961381373191014,0.1677834764,0.4111980058317404,-0.96,1.0,1.96,0.03157732460861388,0.045878336059913795,2
0.06642,0.27479698615523424,0.0755133836,0.28271009886454357,-0.6,1.08,1.6800000000000002,0.05351029791907161,0.06630313867913254,2
-0.27676,0.21166743348942463,0.0448031024,0.34842387977863976,-0.62,0.68,1.3,0.23443016907559888,0.059959433686603406,2
-0.018400000000000007,0.6572036518462142,0.43191663999999996,0.6574611775610785,-0.91,4.73,5.640000000000001,0.007141009687532787,0.10283166213894188,2
0.051260000000000035,0.8626847700058231,0.7442250123999999,0.8642063411014757,-0.92,4.7,5.62,0.01664476783470379,0.09684187473054286,2
-0.01908,0.6970603658220714,0.48589315360000007,0.6973214466800803,-1.0,4.87,5.87,0.0070879970966592045,0.09970108477259652,2
0.07091999999999998,0.8979770340047678,0.8063627535999999,0.9007732234030937,-0.92,4.91,5.83,0.021663274128563642,0.10137783661730163,2
-0.033120000000000004,0.5769900047661138,0.3329174656,0.5779397892514411,-0.77,4.09,4.859999999999999,0.014692582434731965,0.10152985603132691,2
0.012400000000000013,0.683770604808367,0.46754224,0.6838830309343843,-0.8,3.85,4.65,0.004738830169036522,0.10717070112805087,2
-0.14714000000000002,0.6098914824786456,0.3719676204,0.6273896715758078,-0.95,4.18,5.13,0.055810019801425186,0.09394945237876146,2
0.09806000000000001,0.6484915083484132,0.4205412364000001,0.6558635528827623,-0.73,3.97,4.7,0.025567337839112678,0.06962882607559792,2
-0.0545,0.8948957201819663,0.80083835,0.8965537351436332,-1.27,5.76,7.029999999999999,0.015657632296752468,0.08944016399125186,2
0.08089999999999999,1.1553528422088206,1.3348401900000002,1.158181764663906,-1.25,5.69,6.94,0.020004689502040037,0.10455719166934796,2
-0.026499999999999985,0.7391362188392611,0.5463223500000001,0.7396111140322325,-1.04,4.89,5.93,0.009202396158021474,0.09073854925472355,2
0.04921999999999999,0.8504831518613405,0.7233215916,0.851906215495579,-1.23,5.66,6.890000000000001,0.015733878459667158,0.0930189974740221,2
0.18139999999999998,1.0505299805336352,1.10361324,1.0660765450942067,-1.13,5.69,6.82,0.047126218365121826,0.1015967838261106,2
-0.07153999999999999,0.6742493814605987,0.45461222839999993,0.6780340699404419,-1.05,4.4,5.45,0.026902712310428102,0.0953392644805635,2
0.004540000000000015,1.0216429848043789,1.0437543884000002,1.0216530722314694,-1.18,5.21,6.39,0.0009043083931795794,0.087239703326314,2
-0.1646,0.8808428009582641,0.77588404,0.89608995084199,-1.37,5.11,6.48,0.03589572405568856,0.0665922471536196,2
0.013860000000000006,0.0823097831366357,0.0067749004,0.08346855695410099,-0.14,0.46,0.6000000000000001,0.038458964385884795,0.07795207112059607,2
0.03676,0.10459972466502958,0.010941102399999998,0.11087109632361358,-0.13,0.51,0.64,0.07372046476751198,0.09820192114619591,2
-0.015080000000000001,0.4479542315906838,0.2006629936,0.4482079874344053,-0.78,1.55,2.33,0.011453495432902515,0.04023446015191253,2
-0.008180000000000008,0.28682762698178155,0.08227008760000001,0.2869442454554543,-1.27,0.85,2.12,0.007668506767394334,0.04932445126031064,2
-0.025780000000000004,0.07882887542011494,0.0062139916,0.08293732573455694,-0.14,0.38,0.52,0.06799852691481387,0.10101669174444691,2
-0.004860000000000003,0.09066962225574782,0.0082209804,0.09079977973541567,-0.22,0.4,0.62,0.014377034497020928,0.07846506565518206,2
0.0304,0.07157820897451962,0.005123440000000001,0.07776631661587169,-0.11,0.37,0.48,0.08542891237493883,0.08965276791500949,2
-0.024180000000000007,0.0714865553793159,0.005110327600000001,0.07546522377890362,-0.19,0.33,0.52,0.08089244501831687,0.06540225309839881,2
0.004759999999999994,0.2207572023740109,0.048733742399999995,0.22080851432859194,-0.36,1.53,1.8900000000000001,0.0049756669363079445,0.09383611704890069,2
0.011120000000000001,0.21257926897983254,0.045189945599999996,0.2128699133273653,-0.31,1.54,1.85,0.012216726730214206,0.10611785560560467,2
0.016299999999999995,0.2880710155499855,0.08298491,0.28853180067368656,-0.33,1.52,1.85,0.013990663289938485,0.08807918992914558,2
-0.020080000000000004,0.2155411645138812,0.046457993600000004,0.21647447886529259,-0.27,1.54,1.81,0.021310042272573337,0.09445779295993291,2
0.027719999999999998,0.2896542794436154,0.08389960160000001,0.2909776623729045,-0.47,1.64,2.11,0.02356459238381491,0.08206762372061656,2
-0.035879999999999995,0.28414472650394196,0.08073822559999999,0.2864011173162563,-0.46,1.18,1.64,0.034377890792002604,0.07682195544394936,2
-0.11804,0.23363167251038544,0.05458375839999999,0.2617579034145865,-0.4,1.42,1.8199999999999998,0.10833536018357068,0.08151490349924878,2
0.12218000000000001,0.3400380090519294,0.11562584760000001,0.3613222938042988,-0.3,1.86,2.16,0.08904100017776287,0.08842853110732743,2
0.012039999999999995,0.3694279881113503,0.13647703839999997,0.3696241334112263,-0.4,1.84,2.24,0.008962595767980175,0.10059416874273304,2
0.0038399999999999997,0.2598569883609059,0.06752565440000001,0.2598853593413834,-0.34,1.79,2.13,0.0036314897386851104,0.10432897304669762,2
0.03104,0.2189906810802688,0.047956918400000006,0.22117956505970437,-0.3,1.59,1.8900000000000001,0.03319330167383004,0.10369377755385725,2
0.05369999999999999,0.37681734301913444,0.14199131,0.38062448686336514,-0.37,1.92,2.29,0.037254626882510945,0.10294691277425419,2
0.05664000000000001,0.31196203358742225,0.09732031039999998,0.3170621390200981,-0.34,1.85,2.19,0.040611158263058514,0.08237391062730401,2
-0.04961999999999999,0.32480217917988174,0.10549645560000001,0.3285705403714703,-0.6,0.96,1.56,0.03852595711055175,0.07616766733856331,2
-0.0791,0.3225302931508915,0.10402579,0.33208824128535475,-0.47,1.62,2.09,0.06462274981446246,0.08787402751416348,2
-0.025699999999999997,0.25672263242651594,0.06590651000000002,0.25800581388798194,-0.39,1.72,2.11,0.024327372710376913,0.09895536874687522,2
0.15758000000000003,0.11109430048386822,0.0123419436,0.1928040456007083,-0.09,0.76,0.85,0.23713212572307563,0.07188493081508968,2
0.06,0.09402340134243178,0.008840400000000002,0.11153654109752552,-0.11,0.66,0.77,0.12315070515550329,0.09286745111286426,2
0.09144,0.13591146530002537,0.0184719264,0.16380842469177218,-0.13,0.75,0.88,0.14417287017764466,0.08020658735852138,2
0.002179999999999998,0.11411506298469104,0.013022247600000002,0.1141358839278866,-0.15,0.73,0.88,0.004276829890039292,0.095010982005946,2
0.04285999999999994,2.186025805062694,4.7787088204,2.186445928899226,-5.27,5.76,11.03,0.00786157460361736,0.019799258541195228,2
-0.020879999999999996,0.5321436136984076,0.2831768256,0.5325530959444326,-2.77,1.06,3.83,0.010353994134428387,0.05255783471995311,2
-0.21067999999999998,0.3228670587099278,0.10424313759999998,0.38552457768604065,-0.84,0.37,1.21,0.15963748707826217,0.049681993616146065,2
-0.12863999999999998,0.29450254735740405,0.0867317504,0.3213720585240727,-0.72,0.87,1.5899999999999999,0.10550402213708225,0.04564151160869295,2
0.0005400000000000063,0.3023499766826517,0.09141550840000001,0.302350458904894,-0.44,2.16,2.6,0.00044101533054949756,0.11272098068001156,2
-0.00836000000000001,0.36537557444361274,0.1334993104,0.365471202695917,-0.45,1.9,2.35,0.005848216925133547,0.11349437786245123,2
0.006000000000000007,0.29637881165832347,0.08784039999999999,0.2964395385234567,-0.44,2.1,2.54,0.005014164969977554,0.11017657715661253,2
0.04782000000000001,0.4081875152426884,0.16661704759999998,0.41097907489311425,-0.47,2.16,2.63,0.029555272534735107,0.10292358007979134,2
0.14128,0.8958405893907688,0.8025303616000001,0.9069125646940834,-1.76,2.64,4.4,0.0510291919158962,0.048929524571935355,2
-0.13961999999999997,0.5215347117881992,0.27199845559999997,0.5399001759584822,-1.81,1.82,3.63,0.06935894741106917,0.05687125383102334,2
-0.21483999999999998,0.4241949721531362,0.17994137439999996,0.4754972134513513,-0.95,1.91,2.86,0.12301630496483033,0.08126266566594884,2
0.17665999999999996,0.2832656781186171,0.08023944439999998,0.3338385837496918,-0.27,2.04,2.31,0.12920421041123323,0.08375545767374937,2
0.0149,0.24210202394858246,0.058613389999999994,0.24256009564641912,-0.34,1.65,1.99,0.015199905846585997,0.098669056548688,2
-0.005759999999999994,0.23039015256733522,0.053079622400000005,0.23046214439686186,-0.31,1.6,1.9100000000000001,0.006066637268025718,0.11065916042921235,2
-0.028940000000000004,0.2808990501941934,0.07890427639999999,0.28238590616388776,-0.41,1.49,1.9,0.026749357166200336,0.11569357267738153,2
-0.036980000000000006,0.22566851707759325,0.0509262796,0.22867837676527267,-0.33,1.55,1.8800000000000001,0.03799019212904893,0.10280906649508913,2
0.05751999999999999,0.2920168652663746,0.08527384959999999,0.29762795567621,-0.43,1.51,1.94,0.05078071843256856,0.10500921298316516,2
-0.12802000000000002,0.3228793576554562,0.1042510796,0.3473329814457591,-0.95,1.06,2.01,0.10139598469753351,0.06695240281960704,2
0.039160000000000014,0.31837791129410975,0.1013644944,0.32077718123332905,-0.43,1.74,2.17,0.03195005173772095,0.09591336160624768,2
0.09720000000000002,0.2570170422365023,0.06605776000000001,0.274782823335084,-0.12,1.82,1.94,0.08319610713548695,0.07842148026362046,2
